strategy,cv_ap
smote,0.7589061930242087
no_sampling,0.7550209114126892
smoteenn,0.7289332902235455
class_weight,0.7194628706546747
undersample,0.564357818518938
